circle_name,member_id
circle0,475
circle0,373
circle0,461
circle0,391
circle0,376
circle0,524
circle0,348
circle0,436
circle1,378
circle1,412
circle1,513
circle1,475
circle1,438
circle1,669
circle1,553
circle1,373
circle1,514
circle1,558
circle1,651
circle1,431
circle1,683
circle1,614
circle1,461
circle1,506
circle1,544
circle1,668
circle1,363
circle1,400
circle1,542
circle1,637
circle1,391
circle1,566
circle1,559
circle1,395
circle1,428
circle1,500
circle1,606
circle1,604
circle1,591
circle1,567
circle1,607
circle1,374
circle1,465
circle1,580
circle1,496
circle1,376
circle1,492
circle1,370
circle1,524
circle1,641
circle1,423
circle1,601
circle1,394
circle1,676
circle1,107
circle1,348
circle1,515
circle1,590
circle1,674
circle1,563
circle1,483
circle1,434
circle1,436
circle1,561
circle1,556
circle2,649
circle2,558
circle2,594
circle2,173
circle2,428
circle2,427
circle2,604
circle2,567
circle2,607
circle2,107
circle2,348
circle2,563
circle2,667
circle3,611
circle3,603
circle3,597
circle3,579
circle3,592
circle3,684
circle3,677
circle4,647
circle4,583
circle4,661
circle4,578
circle4,576
circle4,615
circle4,600
circle4,595
circle4,582
circle4,599
circle4,500
circle4,635
circle4,632
circle4,675
circle4,662
circle4,670
circle4,628
circle4,658
circle4,643
circle4,659
circle4,577
circle4,665
circle4,681
circle4,640
circle4,650
circle4,627
circle5,631
circle5,584
circle5,602
circle5,639
circle5,678
circle5,682
circle5,660
circle5,616
circle5,679
circle6,622
circle6,631
circle6,621
circle6,611
circle6,596
circle6,636
circle6,584
circle6,680
circle6,625
circle6,619
circle6,620
circle6,609
circle6,588
circle6,618
circle6,573
circle6,629
circle6,666
circle6,603
circle6,597
circle6,637
circle6,672
circle6,612
circle6,602
circle6,589
circle6,579
circle6,639
circle6,664
circle6,678
circle6,575
circle6,685
circle6,623
circle6,644
circle6,592
circle6,682
circle6,684
circle6,574
circle6,617
circle6,626
circle6,641
circle6,655
circle6,605
circle6,601
circle6,653
circle6,630
circle6,654
circle6,598
circle6,107
circle6,590
circle6,677
circle6,674
circle6,616
circle6,633
circle6,483
circle6,679
circle6,638
circle6,422
circle6,663
circle6,657
